gender,query
female,ポロシャツ ウィメンズ
male,ポロシャツ ウィメンズ
female,Tシャツ
none,Tシャツ ウィメンズ
male,コーヒー
none,コーヒー
female,Tシャツ ウィメンズ
female,Tシャツ
female,コーヒー
female,Tシャツ
female,ポロシャツ ウィメンズ
none,Tシャツ ウィメンズ
male,Tシャツ ウィメンズ
male,ポロシャツ
female,ポロシャツ
female,ポロシャツ ウィメンズ
male,コーヒー
female,コーヒー
female,ポロシャツ メンズ
female,Tシャツ ウィメンズ
male,Tシャツ メンズ
male,コーヒー
male,Tシャツ
male,Tシャツ メンズ
female,ポロシャツ メンズ
female,Tシャツ
male,コーヒー
female,コーヒー
female,ポロシャツ メンズ
female,Tシャツ
female,Tシャツ ウィメンズ
female,ポロシャツ
female,ポロシャツ
female,Tシャツ ウィメンズ
female,Tシャツ
male,Tシャツ
female,コーヒー
male,ポロシャツ
male,Tシャツ
male,ポロシャツ
female,Tシャツ
female,コーヒー
none,Tシャツ
female,ポロシャツ メンズ
male,コーヒー
male,Tシャツ
female,ポロシャツ メンズ
female,Tシャツ ウィメンズ
male,Tシャツ ウィメンズ
male,ポロシャツ
none,Tシャツ メンズ
male,Tシャツ
female,Tシャツ
none,ポロシャツ ウィメンズ
female,Tシャツ メンズ
female,コーヒー
male,コーヒー
none,Tシャツ
none,Tシャツ
male,Tシャツ
male,Tシャツ メンズ
male,Tシャツ メンズ
male,ポロシャツ ウィメンズ
none,Tシャツ
male,ポロシャツ
none,ポロシャツ メンズ
female,Tシャツ
female,Tシャツ ウィメンズ
female,ポロシャツ メンズ
male,ポロシャツ メンズ
female,Tシャツ ウィメンズ
none,Tシャツ
female,Tシャツ ウィメンズ
female,Tシャツ
female,コーヒー
male,Tシャツ メンズ
male,ポロシャツ ウィメンズ
female,Tシャツ ウィメンズ
female,ポロシャツ
male,コーヒー
male,Tシャツ メンズ
male,Tシャツ メンズ
male,ポロシャツ メンズ
none,コーヒー
female,Tシャツ ウィメンズ
female,ポロシャツ
none,Tシャツ
female,コーヒー
female,Tシャツ
male,ポロシャツ メンズ
female,ポロシャツ ウィメンズ
male,ポロシャツ メンズ
male,コーヒー
female,ポロシャツ
female,ポロシャツ ウィメンズ
male,ポロシャツ
none,Tシャツ
female,Tシャツ ウィメンズ
female,Tシャツ ウィメンズ
none,Tシャツ
male,ポロシャツ メンズ
male,コーヒー
female,Tシャツ ウィメンズ
none,ポロシャツ
none,コーヒー
male,コーヒー
male,ポロシャツ メンズ
none,ポロシャツ
male,Tシャツ メンズ
none,Tシャツ
male,ポロシャツ
female,Tシャツ
female,ポロシャツ
male,ポロシャツ
female,ポロシャツ メンズ
none,コーヒー
none,Tシャツ ウィメンズ
male,ポロシャツ メンズ
female,コーヒー
male,ポロシャツ
none,ポロシャツ
male,コーヒー
male,ポロシャツ ウィメンズ
male,Tシャツ ウィメンズ
female,Tシャツ ウィメンズ
none,ポロシャツ メンズ
none,Tシャツ
male,ポロシャツ
male,Tシャツ ウィメンズ
male,ポロシャツ
male,Tシャツ
none,Tシャツ メンズ
none,Tシャツ
male,ポロシャツ
male,Tシャツ メンズ
male,ポロシャツ ウィメンズ
female,ポロシャツ ウィメンズ
male,Tシャツ
male,Tシャツ メンズ
male,Tシャツ メンズ
female,コーヒー
female,Tシャツ ウィメンズ
none,Tシャツ
female,コーヒー
none,Tシャツ
none,Tシャツ メンズ
male,Tシャツ ウィメンズ
female,Tシャツ ウィメンズ
none,コーヒー
female,コーヒー
female,ポロシャツ
female,Tシャツ
male,コーヒー
male,ポロシャツ
female,Tシャツ ウィメンズ
male,ポロシャツ メンズ
female,Tシャツ
none,Tシャツ メンズ
male,Tシャツ ウィメンズ
female,Tシャツ ウィメンズ
none,Tシャツ ウィメンズ
female,コーヒー
female,コーヒー
female,Tシャツ
male,コーヒー
female,Tシャツ メンズ
none,ポロシャツ
male,ポロシャツ
none,Tシャツ
female,Tシャツ ウィメンズ
male,ポロシャツ ウィメンズ
male,Tシャツ
female,コーヒー
none,Tシャツ メンズ
none,ポロシャツ
none,Tシャツ
none,Tシャツ
female,コーヒー
male,Tシャツ
male,Tシャツ メンズ
none,コーヒー
female,Tシャツ ウィメンズ
female,ポロシャツ ウィメンズ
none,ポロシャツ メンズ
male,Tシャツ ウィメンズ
none,Tシャツ
male,コーヒー
male,Tシャツ メンズ
none,ポロシャツ
female,Tシャツ ウィメンズ
female,コーヒー
male,ポロシャツ
male,ポロシャツ メンズ
male,Tシャツ
male,コーヒー
male,ポロシャツ
none,Tシャツ ウィメンズ
female,Tシャツ
male,Tシャツ ウィメンズ
female,Tシャツ
male,Tシャツ
female,ポロシャツ ウィメンズ
male,ポロシャツ メンズ
male,Tシャツ ウィメンズ
male,ポロシャツ メンズ
female,Tシャツ ウィメンズ
female,コーヒー
male,ポロシャツ
none,コーヒー
female,Tシャツ
female,Tシャツ
male,ポロシャツ メンズ
female,Tシャツ
female,ポロシャツ
female,ポロシャツ
none,ポロシャツ メンズ
none,コーヒー
female,Tシャツ ウィメンズ
female,コーヒー
female,コーヒー
male,ポロシャツ メンズ
female,Tシャツ ウィメンズ
female,ポロシャツ メンズ
male,ポロシャツ メンズ
male,コーヒー
male,ポロシャツ ウィメンズ
female,ポロシャツ ウィメンズ
female,Tシャツ メンズ
female,Tシャツ
male,コーヒー
male,Tシャツ ウィメンズ
none,Tシャツ ウィメンズ
female,Tシャツ
male,コーヒー
female,Tシャツ メンズ
male,コーヒー
male,Tシャツ メンズ
none,コーヒー
male,Tシャツ メンズ
female,ポロシャツ ウィメンズ
female,ポロシャツ メンズ
female,ポロシャツ メンズ
female,コーヒー
male,ポロシャツ
male,ポロシャツ メンズ
male,コーヒー
male,ポロシャツ ウィメンズ
male,ポロシャツ ウィメンズ
male,Tシャツ メンズ
male,コーヒー
male,Tシャツ
male,Tシャツ
male,Tシャツ ウィメンズ
female,コーヒー
male,ポロシャツ ウィメンズ
none,コーヒー
male,Tシャツ
male,コーヒー
female,Tシャツ メンズ
male,Tシャツ ウィメンズ
female,ポロシャツ
female,Tシャツ
female,ポロシャツ ウィメンズ
male,Tシャツ メンズ
male,ポロシャツ メンズ
male,ポロシャツ
male,コーヒー
none,Tシャツ
male,ポロシャツ ウィメンズ
female,Tシャツ ウィメンズ
female,ポロシャツ ウィメンズ
male,Tシャツ
none,Tシャツ
female,コーヒー
female,ポロシャツ ウィメンズ
male,Tシャツ ウィメンズ
none,ポロシャツ メンズ
female,Tシャツ
female,ポロシャツ メンズ
female,ポロシャツ メンズ
none,Tシャツ メンズ
none,ポロシャツ
none,Tシャツ
female,Tシャツ ウィメンズ
none,コーヒー
female,コーヒー
male,コーヒー
female,Tシャツ メンズ
male,Tシャツ ウィメンズ
male,Tシャツ メンズ
none,Tシャツ ウィメンズ
male,Tシャツ ウィメンズ
female,Tシャツ ウィメンズ
none,コーヒー
male,Tシャツ メンズ
female,Tシャツ メンズ
female,ポロシャツ メンズ
female,ポロシャツ メンズ
female,コーヒー
female,ポロシャツ ウィメンズ
male,コーヒー
male,ポロシャツ メンズ
female,コーヒー
male,ポロシャツ
female,コーヒー
male,Tシャツ メンズ
male,ポロシャツ
female,Tシャツ ウィメンズ
female,ポロシャツ
none,Tシャツ
male,Tシャツ
none,Tシャツ
female,ポロシャツ ウィメンズ
none,Tシャツ ウィメンズ
female,コーヒー
none,Tシャツ
none,Tシャツ
male,ポロシャツ メンズ
female,Tシャツ ウィメンズ
female,Tシャツ
female,Tシャツ ウィメンズ
none,コーヒー
none,Tシャツ メンズ
none,ポロシャツ メンズ
male,ポロシャツ
female,ポロシャツ
female,Tシャツ メンズ
male,ポロシャツ メンズ
female,ポロシャツ メンズ
female,Tシャツ ウィメンズ
male,コーヒー
female,Tシャツ
male,Tシャツ メンズ
none,Tシャツ
male,ポロシャツ
male,Tシャツ ウィメンズ
male,ポロシャツ メンズ
male,Tシャツ
female,Tシャツ
female,Tシャツ
none,ポロシャツ
female,Tシャツ メンズ
male,ポロシャツ メンズ
none,コーヒー
male,ポロシャツ メンズ
female,Tシャツ ウィメンズ
none,Tシャツ メンズ
female,ポロシャツ メンズ
male,Tシャツ
male,ポロシャツ ウィメンズ
male,コーヒー
female,Tシャツ ウィメンズ
male,ポロシャツ メンズ
female,Tシャツ
female,Tシャツ ウィメンズ
none,Tシャツ
female,Tシャツ ウィメンズ
male,ポロシャツ ウィメンズ
none,コーヒー
female,Tシャツ メンズ
male,ポロシャツ メンズ
female,Tシャツ ウィメンズ
male,ポロシャツ メンズ
female,コーヒー
female,Tシャツ ウィメンズ
male,ポロシャツ
none,Tシャツ
male,Tシャツ メンズ
female,ポロシャツ メンズ
male,ポロシャツ
none,Tシャツ
female,ポロシャツ ウィメンズ
male,ポロシャツ メンズ
female,Tシャツ ウィメンズ
male,Tシャツ ウィメンズ
male,ポロシャツ
female,コーヒー
female,Tシャツ メンズ
male,コーヒー
female,ポロシャツ
male,Tシャツ
female,コーヒー
none,ポロシャツ メンズ
male,Tシャツ ウィメンズ
none,Tシャツ
male,Tシャツ
male,ポロシャツ ウィメンズ
none,ポロシャツ メンズ
female,ポロシャツ
none,Tシャツ
female,ポロシャツ メンズ
female,コーヒー
male,コーヒー
male,Tシャツ メンズ
male,ポロシャツ
male,ポロシャツ
female,コーヒー
male,Tシャツ
female,コーヒー
female,ポロシャツ ウィメンズ
female,コーヒー
male,コーヒー
female,Tシャツ
female,Tシャツ メンズ
male,Tシャツ メンズ
female,ポロシャツ
female,Tシャツ
male,Tシャツ メンズ
female,Tシャツ ウィメンズ
female,Tシャツ ウィメンズ
female,Tシャツ
male,ポロシャツ メンズ
female,ポロシャツ メンズ
female,Tシャツ
male,ポロシャツ ウィメンズ
male,Tシャツ
female,Tシャツ ウィメンズ
male,ポロシャツ
male,コーヒー
male,Tシャツ
male,Tシャツ メンズ
female,Tシャツ ウィメンズ
female,Tシャツ メンズ
female,コーヒー
female,Tシャツ
female,Tシャツ ウィメンズ
male,Tシャツ メンズ
female,Tシャツ ウィメンズ
male,Tシャツ メンズ
male,Tシャツ
female,ポロシャツ
female,ポロシャツ
none,ポロシャツ メンズ
male,ポロシャツ
female,ポロシャツ ウィメンズ
female,Tシャツ
male,ポロシャツ ウィメンズ
female,コーヒー
female,Tシャツ ウィメンズ
none,Tシャツ
male,Tシャツ メンズ
male,ポロシャツ
female,Tシャツ
none,Tシャツ
female,Tシャツ
male,コーヒー
male,コーヒー
male,ポロシャツ メンズ
none,Tシャツ
female,Tシャツ ウィメンズ
male,ポロシャツ メンズ
male,ポロシャツ メンズ
none,ポロシャツ
female,ポロシャツ メンズ
none,ポロシャツ ウィメンズ
none,ポロシャツ ウィメンズ
male,Tシャツ ウィメンズ
male,ポロシャツ
female,Tシャツ
male,Tシャツ ウィメンズ
male,Tシャツ メンズ
female,ポロシャツ ウィメンズ
female,ポロシャツ ウィメンズ
male,ポロシャツ メンズ
female,Tシャツ ウィメンズ
none,Tシャツ
female,コーヒー
male,ポロシャツ ウィメンズ
male,Tシャツ
female,Tシャツ
female,Tシャツ
none,Tシャツ
none,Tシャツ
female,Tシャツ メンズ
female,Tシャツ ウィメンズ
female,Tシャツ ウィメンズ
male,Tシャツ
female,コーヒー
male,ポロシャツ メンズ
male,ポロシャツ
male,コーヒー
male,Tシャツ メンズ
female,Tシャツ ウィメンズ
female,Tシャツ ウィメンズ
male,コーヒー
none,ポロシャツ ウィメンズ
male,ポロシャツ
male,Tシャツ メンズ
male,ポロシャツ
male,ポロシャツ
female,Tシャツ ウィメンズ
female,ポロシャツ
female,ポロシャツ
female,Tシャツ ウィメンズ
none,ポロシャツ
male,コーヒー
female,Tシャツ メンズ
female,コーヒー
male,ポロシャツ メンズ
none,ポロシャツ
female,コーヒー
none,Tシャツ
male,Tシャツ メンズ
female,Tシャツ メンズ
male,Tシャツ メンズ
male,ポロシャツ
male,ポロシャツ ウィメンズ
male,ポロシャツ メンズ
none,Tシャツ
none,コーヒー
female,Tシャツ
female,ポロシャツ メンズ
male,Tシャツ ウィメンズ
male,ポロシャツ
none,ポロシャツ
male,Tシャツ メンズ
male,ポロシャツ ウィメンズ
female,コーヒー
male,ポロシャツ メンズ
female,コーヒー
male,ポロシャツ メンズ
female,Tシャツ
female,コーヒー
male,コーヒー
female,コーヒー
male,ポロシャツ ウィメンズ
female,ポロシャツ ウィメンズ
male,ポロシャツ メンズ
male,Tシャツ ウィメンズ
male,ポロシャツ
male,ポロシャツ ウィメンズ
none,ポロシャツ メンズ
male,Tシャツ
female,Tシャツ
female,Tシャツ
none,Tシャツ メンズ
male,Tシャツ ウィメンズ
female,Tシャツ
male,Tシャツ メンズ
female,ポロシャツ
none,コーヒー
none,Tシャツ
male,コーヒー
male,ポロシャツ
male,Tシャツ メンズ
female,コーヒー
male,Tシャツ ウィメンズ
male,ポロシャツ メンズ
none,ポロシャツ
female,ポロシャツ ウィメンズ
none,Tシャツ ウィメンズ
female,Tシャツ
female,Tシャツ
female,ポロシャツ
male,ポロシャツ メンズ
female,Tシャツ ウィメンズ
none,Tシャツ メンズ
female,Tシャツ
none,ポロシャツ
female,Tシャツ ウィメンズ
female,ポロシャツ メンズ
male,Tシャツ
male,Tシャツ メンズ
male,ポロシャツ メンズ
female,Tシャツ
none,コーヒー
female,コーヒー
none,ポロシャツ メンズ
female,Tシャツ
male,ポロシャツ メンズ
male,ポロシャツ ウィメンズ
female,ポロシャツ メンズ
female,Tシャツ ウィメンズ
none,Tシャツ メンズ
female,Tシャツ
none,Tシャツ
male,ポロシャツ ウィメンズ
female,ポロシャツ ウィメンズ
none,ポロシャツ ウィメンズ
female,ポロシャツ
none,Tシャツ
none,Tシャツ
none,コーヒー
female,ポロシャツ ウィメンズ
male,ポロシャツ
male,ポロシャツ メンズ
none,ポロシャツ
male,Tシャツ
female,Tシャツ ウィメンズ
female,Tシャツ
none,Tシャツ ウィメンズ
female,ポロシャツ メンズ
none,Tシャツ
male,ポロシャツ ウィメンズ
female,Tシャツ
male,ポロシャツ メンズ
female,Tシャツ ウィメンズ
female,Tシャツ ウィメンズ
male,Tシャツ メンズ
none,ポロシャツ
female,コーヒー
none,Tシャツ
none,コーヒー
none,ポロシャツ
female,ポロシャツ メンズ
male,ポロシャツ メンズ
male,ポロシャツ メンズ
female,Tシャツ メンズ
male,Tシャツ
male,Tシャツ
male,コーヒー
female,コーヒー
female,Tシャツ
male,ポロシャツ メンズ
female,Tシャツ
female,Tシャツ
none,Tシャツ メンズ
male,ポロシャツ
male,Tシャツ メンズ
male,ポロシャツ メンズ
female,ポロシャツ ウィメンズ
female,ポロシャツ
female,Tシャツ
none,Tシャツ メンズ
none,コーヒー
male,ポロシャツ ウィメンズ
male,ポロシャツ
male,ポロシャツ メンズ
female,Tシャツ ウィメンズ
male,Tシャツ メンズ
male,ポロシャツ メンズ
female,コーヒー
none,Tシャツ
male,Tシャツ
male,コーヒー
male,ポロシャツ ウィメンズ
none,Tシャツ メンズ
male,ポロシャツ
male,Tシャツ メンズ
male,Tシャツ メンズ
female,Tシャツ ウィメンズ
none,コーヒー
female,Tシャツ
none,コーヒー
female,Tシャツ ウィメンズ
none,コーヒー
male,ポロシャツ ウィメンズ
none,Tシャツ メンズ
female,コーヒー
female,Tシャツ
female,コーヒー
none,Tシャツ
male,コーヒー
male,コーヒー
none,コーヒー
male,ポロシャツ メンズ
none,Tシャツ メンズ
none,コーヒー
none,Tシャツ メンズ
male,Tシャツ
none,ポロシャツ ウィメンズ
none,コーヒー
none,Tシャツ
female,Tシャツ
none,Tシャツ
male,ポロシャツ
male,ポロシャツ
female,Tシャツ ウィメンズ
male,ポロシャツ ウィメンズ
female,Tシャツ メンズ
female,Tシャツ メンズ
male,Tシャツ メンズ
male,Tシャツ ウィメンズ
male,ポロシャツ
female,ポロシャツ メンズ
female,Tシャツ ウィメンズ
female,Tシャツ
male,Tシャツ ウィメンズ
none,ポロシャツ
female,Tシャツ
male,ポロシャツ
female,Tシャツ ウィメンズ
female,Tシャツ
none,Tシャツ
none,Tシャツ ウィメンズ
female,Tシャツ
male,Tシャツ
female,Tシャツ
male,ポロシャツ メンズ
male,Tシャツ
male,ポロシャツ ウィメンズ
male,Tシャツ ウィメンズ
male,コーヒー
female,Tシャツ ウィメンズ
female,Tシャツ メンズ
female,ポロシャツ メンズ
female,Tシャツ メンズ
female,Tシャツ ウィメンズ
male,ポロシャツ
male,ポロシャツ ウィメンズ
none,Tシャツ ウィメンズ
male,コーヒー
female,Tシャツ ウィメンズ
male,Tシャツ メンズ
male,ポロシャツ ウィメンズ
male,コーヒー
female,Tシャツ ウィメンズ
male,Tシャツ
male,Tシャツ メンズ
female,Tシャツ
none,コーヒー
female,Tシャツ
female,Tシャツ ウィメンズ
female,ポロシャツ
female,ポロシャツ メンズ
female,Tシャツ
none,Tシャツ
none,Tシャツ
female,Tシャツ ウィメンズ
female,コーヒー
male,ポロシャツ メンズ
male,ポロシャツ
male,コーヒー
male,コーヒー
male,ポロシャツ メンズ
male,コーヒー
none,ポロシャツ
male,Tシャツ メンズ
none,Tシャツ
female,ポロシャツ メンズ
male,コーヒー
male,ポロシャツ
female,Tシャツ
male,Tシャツ メンズ
female,ポロシャツ
female,Tシャツ
male,ポロシャツ メンズ
female,Tシャツ ウィメンズ
male,コーヒー
female,Tシャツ
male,ポロシャツ
none,ポロシャツ メンズ
male,コーヒー
none,ポロシャツ メンズ
male,ポロシャツ
none,コーヒー
male,Tシャツ メンズ
female,Tシャツ ウィメンズ
male,Tシャツ ウィメンズ
none,Tシャツ ウィメンズ
female,Tシャツ
female,ポロシャツ
female,Tシャツ ウィメンズ
male,ポロシャツ ウィメンズ
male,Tシャツ メンズ
female,Tシャツ
female,Tシャツ
male,ポロシャツ
female,Tシャツ ウィメンズ
male,ポロシャツ ウィメンズ
none,Tシャツ メンズ
male,ポロシャツ メンズ
female,コーヒー
male,コーヒー
female,ポロシャツ
female,Tシャツ
male,Tシャツ
none,Tシャツ
none,ポロシャツ メンズ
male,Tシャツ
male,コーヒー
male,コーヒー
female,Tシャツ メンズ
male,ポロシャツ メンズ
male,Tシャツ メンズ
female,Tシャツ
none,Tシャツ ウィメンズ
female,Tシャツ ウィメンズ
female,ポロシャツ メンズ
female,Tシャツ メンズ
none,Tシャツ
male,ポロシャツ
female,ポロシャツ メンズ
female,Tシャツ メンズ
male,ポロシャツ ウィメンズ
male,ポロシャツ メンズ
male,Tシャツ
male,コーヒー
female,Tシャツ ウィメンズ
male,コーヒー
male,Tシャツ
none,Tシャツ メンズ
female,Tシャツ
male,コーヒー
female,Tシャツ ウィメンズ
female,ポロシャツ
male,Tシャツ メンズ
male,Tシャツ メンズ
female,Tシャツ
male,ポロシャツ
male,Tシャツ
female,ポロシャツ メンズ
male,Tシャツ
female,Tシャツ ウィメンズ
none,Tシャツ
none,Tシャツ メンズ
none,Tシャツ ウィメンズ
male,コーヒー
male,ポロシャツ メンズ
male,Tシャツ
female,Tシャツ
female,ポロシャツ メンズ
female,ポロシャツ ウィメンズ
female,コーヒー
female,Tシャツ
female,ポロシャツ ウィメンズ
female,Tシャツ
female,ポロシャツ ウィメンズ
male,コーヒー
female,コーヒー
female,コーヒー
none,Tシャツ メンズ
male,ポロシャツ ウィメンズ
male,Tシャツ
male,ポロシャツ
female,Tシャツ メンズ
female,ポロシャツ
female,コーヒー
female,ポロシャツ
none,Tシャツ メンズ
male,ポロシャツ メンズ
none,コーヒー
none,コーヒー
male,ポロシャツ
female,Tシャツ メンズ
female,Tシャツ ウィメンズ
male,ポロシャツ ウィメンズ
male,Tシャツ
male,Tシャツ ウィメンズ
none,Tシャツ
male,Tシャツ メンズ
male,ポロシャツ メンズ
female,コーヒー
female,Tシャツ
female,Tシャツ ウィメンズ
female,ポロシャツ メンズ
none,Tシャツ メンズ
none,ポロシャツ メンズ
female,コーヒー
female,Tシャツ
female,ポロシャツ メンズ
male,ポロシャツ メンズ
male,Tシャツ メンズ
male,Tシャツ メンズ
female,Tシャツ メンズ
male,ポロシャツ メンズ
none,Tシャツ メンズ
female,Tシャツ メンズ
male,Tシャツ
male,Tシャツ ウィメンズ
male,Tシャツ メンズ
none,Tシャツ
none,ポロシャツ
female,Tシャツ メンズ
male,コーヒー
female,Tシャツ メンズ
male,ポロシャツ メンズ
male,ポロシャツ ウィメンズ
male,Tシャツ
male,ポロシャツ メンズ
male,ポロシャツ
male,Tシャツ
female,Tシャツ
none,ポロシャツ
male,ポロシャツ ウィメンズ
none,Tシャツ
none,Tシャツ
female,Tシャツ メンズ
female,コーヒー
none,コーヒー
male,ポロシャツ メンズ
female,Tシャツ
male,Tシャツ メンズ
female,Tシャツ
male,ポロシャツ
female,コーヒー
female,ポロシャツ ウィメンズ
male,Tシャツ メンズ
female,コーヒー
male,Tシャツ メンズ
female,Tシャツ
male,コーヒー
female,Tシャツ ウィメンズ
male,ポロシャツ メンズ
female,Tシャツ ウィメンズ
male,ポロシャツ ウィメンズ
female,Tシャツ
female,ポロシャツ メンズ
male,Tシャツ メンズ
female,Tシャツ メンズ
female,ポロシャツ ウィメンズ
female,Tシャツ メンズ
female,コーヒー
none,Tシャツ ウィメンズ
none,ポロシャツ ウィメンズ
female,ポロシャツ ウィメンズ
female,ポロシャツ メンズ
female,Tシャツ
none,コーヒー
none,コーヒー
female,Tシャツ メンズ
female,Tシャツ
none,Tシャツ メンズ
male,Tシャツ メンズ
male,Tシャツ
female,Tシャツ メンズ
female,ポロシャツ
female,Tシャツ ウィメンズ
female,Tシャツ ウィメンズ
male,Tシャツ ウィメンズ
none,Tシャツ
none,コーヒー
none,Tシャツ
female,Tシャツ ウィメンズ
female,Tシャツ ウィメンズ
female,ポロシャツ
male,Tシャツ
none,Tシャツ
male,Tシャツ ウィメンズ
male,Tシャツ メンズ
none,Tシャツ
male,ポロシャツ ウィメンズ
female,Tシャツ
male,ポロシャツ
female,Tシャツ
male,Tシャツ ウィメンズ
female,Tシャツ ウィメンズ
female,コーヒー
none,ポロシャツ メンズ
female,Tシャツ
male,ポロシャツ
none,コーヒー
female,コーヒー
female,コーヒー
female,コーヒー
male,ポロシャツ
male,Tシャツ
female,Tシャツ ウィメンズ
female,コーヒー
male,Tシャツ ウィメンズ
female,ポロシャツ メンズ
none,コーヒー
female,Tシャツ ウィメンズ
male,コーヒー
male,Tシャツ ウィメンズ
male,Tシャツ ウィメンズ
none,Tシャツ
male,Tシャツ ウィメンズ
male,Tシャツ ウィメンズ
female,Tシャツ ウィメンズ
female,Tシャツ メンズ
female,Tシャツ ウィメンズ
none,Tシャツ
female,コーヒー
female,ポロシャツ ウィメンズ
none,Tシャツ メンズ
female,ポロシャツ
female,ポロシャツ
none,Tシャツ メンズ
male,ポロシャツ
male,コーヒー
male,Tシャツ メンズ
male,Tシャツ ウィメンズ
female,Tシャツ
male,ポロシャツ メンズ
male,Tシャツ
male,ポロシャツ メンズ
male,ポロシャツ
none,Tシャツ メンズ
male,Tシャツ
female,Tシャツ
none,Tシャツ メンズ
female,コーヒー
none,コーヒー
female,Tシャツ メンズ
female,Tシャツ
female,コーヒー
female,Tシャツ メンズ
female,Tシャツ
male,Tシャツ
female,ポロシャツ ウィメンズ
male,ポロシャツ メンズ
male,ポロシャツ メンズ
male,コーヒー
female,Tシャツ メンズ
female,Tシャツ メンズ
male,Tシャツ メンズ
female,コーヒー
male,ポロシャツ メンズ
female,ポロシャツ メンズ
